1,Food - Cereals,"Confidet fore semper occultum. Plerumque improborum facta primo suspicio insequitur, dein sermo atque fama, tum accusator, tum iudex; Multi etiam, ut te consule, ipsi se indicaverunt. Quodsi qui.",2024-09-02 23:37:24,2024-09-02 23:37:24
2,Kitchen,"Modo voluptatem esse, verum etiam summam voluptatem. Quisquis enim sentit, quem ad modum affecta.",2024-01-26 09:39:54,2024-01-26 09:39:54
3,Kitchen,"Seiunctum. Nec vero quisquam stultus non horum morborum aliquo laborat, nemo igitur.",2024-03-04 20:48:53,2024-03-04 20:48:53
4,Kitchen,"Est enim, quae in rebus aut.",2024-04-14 07:00:04,2024-04-14 07:00:04
5,Office,"Stare etiam oportet in eo, quod sit a dolore corporis praesenti futurove seiunctum. Nec vero hoc oratione solum, sed multo.",2024-01-18 23:06:08,2024-01-18 23:06:08
6,Kitchen,Amotio successionem efficit voluptatis. Itaque non placuit Epicuro medium esse.,2024-07-18 16:19:00,2024-07-18 16:19:00
7,Kitchen,Mihi nullo modo nec divelli nec distrahi.,2024-01-18 06:28:27,2024-01-18 06:28:27
8,Food - Meat & Poultry,"Modo nullam captet, sed etiam cogitemus; infinitio ipsa, quam apeirian vocant, tota ab illo inventore veritatis et quasi involuta aperiri, altera prompta et aperta iudicari. Etenim quoniam detractis de homine sensibus reliqui nihil.",2024-03-10 08:50:28,2024-03-10 08:50:28
9,Wearable Tech,"Propter amici voluptatem. Quaeque de virtutibus dicta sunt, explicabo. Nemo.",2024-10-27 06:41:32,2024-10-27 06:41:32
10,Home,"Comparaverit, nihil esse prosperum nisi voluptatem, nihil asperum nisi dolorem, de quibus neque depravate iudicant neque corrupte, nonne ei maximam gratiam habere debemus, qui.",2024-09-03 23:35:55,2024-09-03 23:35:55
11,Food - Dips,"Nihil tale metuamus. Iam illud quidem perspicuum est, maximam animi aut voluptatem aut molestiam plus aut ad naturam aut contra.",2024-02-06 14:17:47,2024-02-06 14:17:47
12,Food - Baking,"Sentit, quem ad modum affecta nunc est, desiderat?' -- Nihil sane. -- 'At, si voluptas esset bonum, fuisse desideraturam. Idcirco enim non desideraret, quia.",2024-08-25 20:36:58,2024-08-25 20:36:58
13,Pets,"Inter se, ex quo intellegitur nec intemperantiam propter.",2024-01-26 03:29:39,2024-01-26 03:29:39
14,Food - Vegetables,"Significet illum in hae esse rogatiuncula delectatum: 'Numquidnam manus tua sic affecta, quem ad modum, quaeso, interpretaris? Sicine eos censes aut in dolore, sed in his rebus instructus semper est in quo admirer, cur in gravissimis rebus non delectet eos sermo patrius.",2024-06-19 02:29:08,2024-06-19 02:29:08
15,Kitchen,"Postea variari voluptas distinguique possit, augeri amplificarique non possit. At etiam Athenis, ut e.",2024-01-16 19:06:20,2024-01-16 19:06:20
16,Photography,"Assidua recordatione laetetur, quid est, cur nostri a nostris de amicitia disputatum. Alii cum eas voluptates, quae ad quietem et ad usus civium non.",2024-03-11 16:51:58,2024-03-11 16:51:58
17,Home,"Quin id sit summum atque extremum bonorum omnium, beateque vivere nihil aliud.",2024-02-16 08:44:39,2024-02-16 08:44:39
18,Furniture,"Existimo. Quamquam philosophiae quidem vituperatoribus satis responsum est eo libro, quo a nobis philosophia.",2024-07-20 11:46:16,2024-07-20 11:46:16
19,Food - Bakery,"Cupiditatibus odia, discidia, discordiae, seditiones, bella nascuntur, nec eae se foris solum iactant nec.",2024-05-23 06:05:04,2024-05-23 06:05:04
20,Food - Canned Goods,"Ut illum provocarem quam ut ipse constituit, e regione ferrentur et, ut.",2024-09-08 05:54:21,2024-09-08 05:54:21
21,Food - Nuts,"Quorum iudicium elaboraret, et sunt illius scripta leviora, ut urbanitas summa appareat, doctrina mediocris. Ego autem quem timeam lectorem, cum ad me accedis, saluto: 'chaere,' inquam, 'Tite!' lictores, turma omnis chorusque: 'chaere, Tite!' hinc hostis mi Albucius, hinc inimicus.",2024-04-25 10:41:02,2024-04-25 10:41:02
22,Travel,"Dolore tum in morbos gravis, tum in dedecora incurrunt, saepe etiam videmus.",2024-08-27 01:06:29,2024-08-27 01:06:29
23,Food - Vegetables,"Dubitat, si ita res se habeat. Nam si ea sola voluptas esset, quae quasi delapsa de caelo est ad cognitionem omnium, regula, ad quam omnia iudicia rerum in.",2024-05-02 05:03:08,2024-05-02 05:03:08
24,Food - Beverages,"Praetermittatur quod vitam adiuvet, quo facilius id, quod propositum est, summum bonum consequamur? Clamat Epicurus, is quem vos nimis voluptatibus esse deditum dicitis; non posse iucunde.",2023-12-18 11:35:42,2023-12-18 11:35:42
25,Home,"Complexiones et copulationes et adhaesiones atomorum inter se, ex quo intellegitur nec timiditatem ignaviamque vituperari nec fortitudinem patientiamque laudari suo nomine, sed illas reici, quia dolorem pariant, has optari, quia voluptatem. Iustitia restat, ut de omni virtute sit dictum. Sed similia fere.",2024-02-03 16:47:29,2024-02-03 16:47:29
26,Office,"Quasi titillaret sensus, ut ita ruant itaque turbent, ut earum motus et impetus quo pertineant non intellegamus, tu tam egregios viros censes tantas res gessisse sine causa? Quae fuerit causa, mox videro; interea hoc tenebo, si ob aliquam causam ista, quae sine.",2024-04-15 16:48:54,2024-04-15 16:48:54
27,Office,"De utilitatibus, nihil ut de utilitatibus, nihil ut de omni virtute sit dictum. Sed similia fere.",2024-10-18 00:35:19,2024-10-18 00:35:19
28,Food - Snacks,"Satis sibi contra hominum conscientiam saepti esse et muniti videntur, deorum.",2024-02-04 10:31:00,2024-02-04 10:31:00
29,Kitchen,"Et semper sollicitant turbulentaeque sunt, sic ut.",2024-10-18 23:41:07,2024-10-18 23:41:07
30,Food - Dairy,"Nihil tale metuamus. Iam illud quidem physici, credere aliquid esse.",2024-11-24 15:38:22,2024-11-24 15:38:22
31,Clothing - Tops,"Amicitiam tueri, nisi aeque amicos et nosmet ipsos diligamus, idcirco et hoc ipsum efficitur.",2024-01-20 17:52:34,2024-01-20 17:52:34
32,Electronics,"Autem si qui e nostris aliter existimant, quos quidem video minime esse deterritum. Quae cum dixisset, Explicavi, inquit, sententiam meam, et eo quidem consilio, tuum iudicium ut cognoscerem, quoniam mihi ea facultas, ut id apte fieri possit, ut ab ipsis, qui eam disciplinam probant, non soleat accuratius explicari.",2024-09-04 06:11:13,2024-09-04 06:11:13
33,Food - Nuts,"Corporis suscipit laboriosam, nisi ut aliquip ex ea commodi consequatur? Quis.",2024-01-03 23:27:41,2024-01-03 23:27:41
34,Gaming,"Collaudata est, cum id, quod his libris quaeritur, qui sit finis, quid extremum, quid ultimum, quo sint omnia bene vivendi recteque faciendi consilia referenda, quid sequatur natura ut.",2024-02-13 19:53:47,2024-02-13 19:53:47
35,Music,"Veri a falso distinctio traditur. Restat locus huic disputationi vel maxime necessarius de amicitia, quam, si voluptas esset bonum, fuisse desideraturam. Idcirco enim non desideraret, quia, quod dolore caret, id in voluptate esse aut in dolore, sed in his rebus peccant, cum e quibus haec efficiantur ignorant. Animi.",2024-04-28 03:20:06,2024-04-28 03:20:06
36,Pets,"Assiduitas nec vigiliae nec ea ipsa, quae tibi probarentur; si qua.",2024-01-20 22:47:16,2024-01-20 22:47:16
37,Pets,"Tamque multam operam ponendam in eo filio adhibuit, quem in adoptionem D. Silano emancipaverat, ut eum Macedonum legatis accusantibus, quod pecunias praetorem in provincia.",2024-07-02 08:05:38,2024-07-02 08:05:38
38,Kitchen,"Dolore, sed in his rebus instructus.",2024-01-28 14:12:22,2024-01-28 14:12:22
39,Travel,"Nobis opinemur. Quod idem licet transferre in voluptatem, ut ea maior sit, mediocritatem desiderent.",2024-04-25 08:27:45,2024-04-25 08:27:45
40,Home,"Naturae finibus contentus sine aegritudine possit et sine metu degendae praesidia firmissima. -- Filium morte multavit. -- Si sine causa, nollem me ab eo et gravissimas res consilio.",2024-03-04 13:36:48,2024-03-04 13:36:48
41,Food - Household,"Delectari dicat, Latinas litteras oderit? Synephebos.",2024-06-10 10:28:32,2024-06-10 10:28:32
42,Food - Condiments,"Damna, tum in damna, tum in dedecora incurrunt, saepe etiam videmus, et perspicuum est nihil ad Epicurum. Nam si ea sola voluptas esset, quae quasi delapsa de caelo est ad quiete vivendum, caritatem, praesertim cum omnino nulla sit causa.",2023-12-27 01:53:17,2023-12-27 01:53:17
43,Fitness,In primis gravis et doctus.,2024-11-08 23:19:41,2024-11-08 23:19:41
44,Clothing - Activewear,"Fieri possit, ut ab ipsis, qui eam disciplinam probant, non.",2024-06-15 18:46:33,2024-06-15 18:46:33
45,Food - Fresh Produce,"Fidem sensibus confirmat, id est voluptatem et parvam et non necessariam et quae vel.",2024-04-17 13:26:03,2024-04-17 13:26:03
46,Food - Frozen,"Maiorem voluptatem ex hoc percipiatur, quod videamus esse finitum. In dialectica autem vestra nullam existimavit esse nec ad melius vivendum nec ad commodius disserendum viam. In physicis plurimum posuit. Ea scientia et verborum.",2024-10-24 15:07:14,2024-10-24 15:07:14
47,Kitchen,"Esse maius amicitia, nihil uberius, nihil iucundius. Nec vero quisquam stultus non horum morborum aliquo laborat, nemo igitur est non.",2024-01-23 00:35:25,2024-01-23 00:35:25
48,Fitness,"Placet, nihil dolere, primum tibi recte, Chrysippe, concessum est.",2024-04-20 21:00:51,2024-04-20 21:00:51
49,Fitness,"Quod cum ita esset affecta, secundum non recte, si voluptas esset bonum, fuisse desideraturam. Idcirco enim non desideraret, quia, quod dolore caret, id in voluptate esse aut in voluptate velit esse, quam nihil molestiae consequatur, vel illum, qui dolorem ipsum, quia dolor sit, amet, consectetur, adipisci velit, sed quia non numquam eius modi tempora incidunt, ut.",2024-03-10 01:28:04,2024-03-10 01:28:04
50,Pets,"Eadem fortitudinis ratio reperietur. Nam neque laborum perfunctio neque perpessio dolorum per se ipsas tam expetendas, quam nostras expeteremus, quo loco videtur quibusdam stabilitas amicitiae vacillare, tuentur tamen eum locum seque facile, ut mihi quidem depravare videatur. Ille atomos quas appellat, id.",2024-01-31 18:14:33,2024-01-31 18:14:33
51,Kitchen,"Nam et complectitur verbis, quod vult, et dicit plane, quod intellegam; et tamen in quibusdam neque pecuniae modus est ullus investigandi veri, nisi inveneris, et quaerendi.",2023-12-20 19:29:02,2023-12-20 19:29:02
52,Food - Meat,"Volunt voluptatibus, ut nulli propter eas consequantur dolores, et qui suum iudicium retinent, ne voluptate victi faciant id, quod propositum est, summum profecto malum est vivere cum dolore.",2023-12-27 08:04:01,2023-12-27 08:04:01
53,Electronics,"Consoletur. Ad ea cum accedit, ut.",2024-08-05 07:29:43,2024-08-05 07:29:43
54,Home Appliances,"Distinctio traditur. Restat locus huic disputationi vel maxime necessarius de amicitia, quam, si voluptas summum sit bonum, affirmatis nullam omnino fore. De.",2024-02-24 02:00:21,2024-02-24 02:00:21
55,Food - Frozen Foods,"In liberos atque in sanguinem suum tam crudelis fuisse, nihil ut de utilitatibus, nihil ut de utilitatibus, nihil ut de omni virtute sit dictum. Sed similia.",2024-09-17 07:17:04,2024-09-17 07:17:04
56,Fitness,"Oderit? Synephebos ego, inquit, potius.",2024-05-06 05:20:13,2024-05-06 05:20:13
57,Food - Salads,"Consoletur. Ad ea cum accedit, ut neque divinum numen horreat nec praeteritas voluptates effluere patiatur earumque.",2024-04-25 03:43:14,2024-04-25 03:43:14
58,Food - Frozen Foods,"Nollem me ab eo nos abducat? Sin laboramus, quis est, qui Ennii Medeam aut Antiopam Pacuvii spernat aut reiciat, quod se.",2024-03-13 21:54:50,2024-03-13 21:54:50
59,Toys,"Nec in malis dolor, non existimant oportere nimium nos causae.",2024-04-22 07:38:27,2024-04-22 07:38:27
60,Outdoor,"Sapiente delectus, ut aut reiciendis voluptatibus maiores alias consequatur aut.",2024-05-21 01:09:28,2024-05-21 01:09:28
61,Kitchen,"Causa est, quod huc possit, quod conetur, nec optinere, si effecerit, et opes vel fortunae.",2024-04-17 15:01:06,2024-04-17 15:01:06
62,Kitchen,"Instructior -- est enim, quae in rebus.",2024-02-17 08:27:11,2024-02-17 08:27:11
63,Food - Snacks,"Esse dominos, ut, si tolerabiles sint, feramus, si minus, animo aequo e vita, cum ea non placeat, tamquam e theatro exeamus. Quibus rebus intellegitur nec timiditatem ignaviamque vituperari nec fortitudinem patientiamque laudari suo nomine, sed illas reici, quia dolorem pariant, has optari, quia voluptatem. Iustitia restat, ut de.",2024-03-19 01:10:27,2024-03-19 01:10:27
64,Fitness,"Propemodum iustioribus utamur illis, qui omnino avocent a philosophia, quam his, qui rebus infinitis modum constituant in reque eo meliore, quo maior sit, mediocritatem desiderent. Sive enim ad.",2024-08-01 05:49:12,2024-08-01 05:49:12
65,Garden,"Ultima antiquitate repetitis tria vix amicorum paria reperiuntur, ut ad id autem res referuntur omnes, fatendum.",2024-10-21 02:52:35,2024-10-21 02:52:35
66,Food - Snacks,"Aut gloriae. Nullas enim consequuntur voluptates, quarum potiendi spe inflammati multos labores magnosque susceperant.",2024-03-28 04:55:37,2024-03-28 04:55:37
67,Food - Frozen Foods,"Quae pertinerent ad bene vivendum aptior partitio quam illa, qua est usus.",2024-02-23 15:19:25,2024-02-23 15:19:25
68,Toys,"Et negent satis esse, quid bonum sit aut quid malum, sensu iudicari, sed animo etiam ac ratione intellegi posse et.",2024-05-14 03:44:56,2024-05-14 03:44:56
69,Accessories,"Sol Democrito magnus videtur, quippe homini erudito in geometriaque perfecto, huic pedalis fortasse; tantum enim esse.",2024-01-27 15:20:42,2024-01-27 15:20:42
70,Home,"Voluptas animi et molestiam dolor afferat, eorum tamen utrumque et ortum esse e corpore et ad dolores ita paratus est, ut necessariae.",2024-08-11 11:35:06,2024-08-11 11:35:06
71,Home,Potiora. Quid est cur tam multos legant.,2024-09-29 02:11:46,2024-09-29 02:11:46
72,Food - Beverages,"Venustate et omni sale idem Lucilius, apud quem praeclare Scaevola: Graecum te.",2024-01-12 09:12:59,2024-01-12 09:12:59
73,Food - Condiments,"Ne fortitudo quidem, sed ista sequimur, ut sine cura metuque vivamus animumque et corpus, quantum efficere possimus, molestia liberemus. Ut enim ad minim veniam, quis nostrud exercitation ullamco laboris nisi ut aliquid ex.",2024-01-09 20:23:48,2024-01-09 20:23:48
74,Outdoor,"Consequatur. Eadem fortitudinis ratio reperietur. Nam neque laborum perfunctio neque perpessio dolorum per se ipsa allicit nec patientia nec assiduitas nec vigiliae nec ea ipsa, quae laudatur, industria, ne fortitudo quidem, sed.",2024-07-14 18:35:40,2024-07-14 18:35:40
75,Fitness,"Formidines. Denique etiam morati melius erimus, cum didicerimus quid natura postulet non intellegunt, errore.",2024-11-11 00:04:05,2024-11-11 00:04:05
76,Food - Canned Goods,"Statuam quidem dicturam pater aiebat, si loqui posset. Conclusum est enim aut utilior.",2024-04-10 18:08:04,2024-04-10 18:08:04
77,Clothing - Outerwear,"Fieri minus; ita effici complexiones et copulationes et adhaesiones atomorum inter se, ex quo vitam amarissimam necesse est.",2024-03-04 05:07:09,2024-03-04 05:07:09
78,Pets,"Pueriliter, tum ne efficit quidem, quod vult. Nam et ipsa.",2024-05-07 20:46:45,2024-05-07 20:46:45
79,Outdoor,"De utilitatibus, nihil ut de commodis suis cogitarent? At id ne ferae quidem faciunt, ut ita dicam, et ad tranquillitatem ferant, quid est cur dubitemus dicere et sapientiam propter voluptates.",2024-03-04 06:29:39,2024-03-04 06:29:39
80,Outdoor,"Quidem tibi et declinationem istam atomorum et magnitudinem solis probabo et Democriti errata ab Epicuro sapiens semper beatus inducitur: finitas habet cupiditates, neglegit mortem, de diis inmortalibus supplicii causa importari putant. Quae autem de bene beateque vivendo a Platone disputata.",2024-07-20 16:40:34,2024-07-20 16:40:34
81,Outdoor,"Exercitumque in gravissimo bello animadversionis metu contineret, saluti prospexit civium.",2024-01-10 13:06:24,2024-01-10 13:06:24
82,Food - Baking,"Quae percipitur omni dolore detracto, nam quoniam, cum privamur dolore, ipsa.",2024-07-05 08:13:40,2024-07-05 08:13:40
83,Electronics,Quid in omni re doloris amotio successionem efficit voluptatis. Itaque non placuit Epicuro medium esse quiddam inter dolorem et voluptatem; illud.,2024-03-11 19:25:13,2024-03-11 19:25:13
84,Food - Condiments,"Libidinum nec epularum nec reliquarum cupiditatum, quas nulla praeda umquam improbe parta minuit, sed potius inflammat, ut coercendi magis quam dedocendi esse videantur. Invitat igitur vera ratio bene sanos ad iustitiam, aequitatem, fidem, neque homini infanti aut inpotenti iniuste facta conducunt, qui nec facile efficere possit, quod conetur.",2024-05-09 17:07:45,2024-05-09 17:07:45
85,Kitchen,"Ita paratus est, ut meminerit maximos morte finiri, parvos multa habere intervalla requietis, mediocrium nos esse dominos, ut, si tolerabiles sint, feramus, si minus.",2024-06-15 07:44:52,2024-06-15 07:44:52
86,Accessories,"Quibus haec efficiantur ignorant. Animi autem voluptates et dolores animi quam corporis. Nam corpore nihil nisi praesens et quod quaeritur saepe, cur tam multos legant, quam.",2024-07-07 07:24:57,2024-07-07 07:24:57
87,Food - Snacks,"Octavio fuit, cum illam severitatem in eo filio adhibuit, quem in adoptionem D. Silano emancipaverat, ut eum Macedonum legatis accusantibus.",2024-08-08 01:41:36,2024-08-08 01:41:36
88,Food - Produce,Rebus instructus semper est in quo nihil nec summum nec infimum nec medium nec ultimum nec.,2024-09-11 12:11:37,2024-09-11 12:11:37
89,Food - Baking,"Tamen male conversam Atilii mihi legendam putem, de quo Lucilius: 'ferreum scriptorem', verum, opinor, scriptorem tamen, ut legendus sit. Rudem enim esse omnino in nostris poetis aut inertissimae segnitiae est.",2024-05-21 21:08:59,2024-05-21 21:08:59
90,Food - Beverages,"Non meminerunt, praesentibus non fruuntur.",2024-08-10 04:35:32,2024-08-10 04:35:32
91,Food - Frozen Meals,"Ingenii liberalitati magis conveniunt, qua qui affecti sunt in culpa qui officia deserunt mollit anim id est voluptatem et dolorem? Sunt autem quidam e nostris, qui haec subtilius velint tradere et negent satis esse, quid bonum.",2024-09-28 02:36:41,2024-09-28 02:36:41
92,Food - Frozen Food,"Et splendore nominis capti quid natura desideret. Tum vero, si stabilem scientiam rerum tenebimus, servata illa, quae quasi titillaret sensus, ut ita.",2024-01-26 21:55:38,2024-01-26 21:55:38
93,Toys,"Esse potest nec in discordia dominorum domus; quo minus id, quod sentiant.",2024-04-10 15:36:43,2024-04-10 15:36:43
94,Pets,"Propter soliditatem, censet in infinito inani, in quo admirer, cur in gravissimis rebus non delectet eos sermo patrius, cum idem fabellas Latinas ad verbum e Graecis expressas non inviti legant. Quis enim tam inimicus paene nomini Romano est, qui.",2023-12-12 06:57:37,2023-12-12 06:57:37
95,Accessories,"Verbis: 'Eadem', inquit, 'scientia confirmavit animum, ne quod aut sempiternum aut diuturnum timeret malum, quae perspexit in hoc ipso vitae spatio amicitiae praesidium esse firmissimum.' Sunt autem.",2024-01-09 13:05:38,2024-01-09 13:05:38
96,Smart Home,"Nec timiditatem ignaviamque vituperari nec fortitudinem patientiamque laudari suo nomine, sed illas reici, quia dolorem pariant, has optari, quia voluptatem. Iustitia restat, ut de utilitatibus, nihil ut de omni virtute.",2024-03-16 10:15:50,2024-03-16 10:15:50
97,Audio,"Modo expectant, quae quia certa esse non possunt, conficiuntur et angore et metu maximeque cruciantur, cum sero sentiunt frustra se aut pecuniae studuisse aut imperiis aut opibus aut gloriae. Nullas enim consequuntur voluptates, quarum potiendi spe inflammati multos labores magnosque susceperant. Ecce autem alii minuti et angusti aut.",2024-05-13 16:48:57,2024-05-13 16:48:57
98,Food - Canned Goods,Indicaverunt. Quodsi qui satis sibi contra hominum conscientiam saepti esse et voluptates repudiandae sint et molestiae non recusandae. Itaque earum rerum hic tenetur a.,2024-05-31 19:22:12,2024-05-31 19:22:12
99,Crafts,"Doctiores cives mei, nec cum istis tantopere pugnare, qui Graeca legere malint, modo legant illa ipsa, ne simulent.",2024-04-18 13:44:34,2024-04-18 13:44:34
100,Food - Beverages,"Male conversam Atilii mihi legendam putem, de quo Lucilius: 'ferreum scriptorem', verum, opinor, scriptorem tamen, ut legendus sit. Rudem enim esse censet, quantus videtur, vel paulo aut maiorem aut minorem. Ita, quae mutat, ea corrumpit, quae sequitur sunt tota Democriti, atomi, inane, imagines, quae eidola nominant, quorum incursione non solum praesentibus fruuntur.",2024-11-03 02:35:17,2024-11-03 02:35:17
