1,Jase Tregien,"13832 Utica Way, Salt Lake City, Utah, United States, 84189",+1 281 041 0008,$!0$&iR3ic8*&%!#,2024-10-29 09:11:04,2024-10-29 09:11:04,deleted
2,Vasily Dabourne,"3297 Vanceboro Court, Washington, District of Columbia, United States, 20436",+1 668 071 0028,9!2&6!0b1!LM,2024-02-15 07:21:50,2024-02-15 07:21:50,inactive
3,Sherline Hammonds,"6210 Loree Way, Shawnee Mission, Kansas, United States, 66205",+1 113 093 0020,Y!*!*!Kg,2024-04-26 09:30:21,2024-04-26 09:30:21,suspended
4,Dionne Upham,"119 Maria Court, Birmingham, Alabama, United States, 35231",+1 965 076 0099,Th!%#eW!!4*K!!!7,2024-11-03 10:33:03,2024-11-03 10:33:03,active
5,Arel Marjoribanks,"14039 Kaufman Circle, Manassas, Virginia, United States, 22111",+1 819 096 0099,RdmU&vmjS7!fqOG,2024-07-02 04:51:59,2024-07-02 04:51:59,active
6,Shandie Apfelmann,"8948 Cordero Court, Tuscaloosa, Alabama, United States, 35405",+1 205 015 0012,#*A%u*#$*&OF&,2023-12-05 17:13:02,2023-12-05 17:13:02,inactive
7,Nerty Diemer,"363 Cypress Point, Fort Lauderdale, Florida, United States, 33355",+1 929 056 0049,H**!5!3!Ltu%#R!,2024-02-25 19:31:05,2024-02-25 19:31:05,suspended
8,Rene Hallatt,"3728 Cadorette Drive, Orlando, Florida, United States, 32803",+1 535 086 0022,!Y!3!$863y!,2024-04-25 05:58:33,2024-04-25 05:58:33,inactive
9,Jere Dymick,"6163 Cyr Court, Arlington, Virginia, United States, 22234",+1 650 061 0010,*sC!QfK0#,2024-03-09 03:08:52,2024-03-09 03:08:52,deleted
10,Glynda Tryme,"4232 Belcherry Loop, Fort Worth, Texas, United States, 76115",+1 905 009 0087,$0!4i!$%J,2024-10-31 14:03:10,2024-10-31 14:03:10,pending
11,Collie Frudd,"13922 Avalos Drive, Norcross, Georgia, United States, 30092",+1 067 097 0090,q*j%gDu1daO8,2024-10-06 20:52:05,2024-10-06 20:52:05,pending
12,Nickolas Pellew,"12910 Auburndale Avenue, Rochester, New York, United States, 14619",+1 467 068 0061,M94EGr**oP*1Wt&,2024-03-31 03:31:50,2024-03-31 03:31:50,inactive
13,Randi Ney,"5135 Pardo Place, Charlotte, North Carolina, United States, 28242",+1 948 073 0018,!*T@s95g%8!*,2024-08-13 18:51:52,2024-08-13 18:51:52,deleted
14,Fredi Locker,"10693 Nichols Terrace, Saint Petersburg, Florida, United States, 33742",+1 643 003 0009,*k2#j&#Y*!&r!m,2024-07-28 17:05:21,2024-07-28 17:05:21,pending
15,Nicoli Erswell,"10034 Frank DiPietro Drive, Houston, Texas, United States, 77255",+1 737 028 0002,$&*Hj!5!#!D0!b,2024-06-19 11:34:31,2024-06-19 11:34:31,active
16,Leeanne Strongman,"8427 High Point Drive, Decatur, Georgia, United States, 30033",+1 974 024 0045,*3%8qjUJ!P**9,2024-03-15 21:14:07,2024-03-15 21:14:07,deleted
17,Avie Fowells,"4509 Rio Grande Avenue, New York City, New York, United States, 10029",+1 302 092 0004,U*!&!&c!O,2024-10-14 21:56:00,2024-10-14 21:56:00,suspended
18,Marya Morpeth,"13239 Tarrson Blvd., Fairfax, Virginia, United States, 22036",+1 050 024 0030,rpEV!$*&*9!W%p3,2024-03-28 15:44:37,2024-03-28 15:44:37,deleted
19,Velvet Tutt,"5033 Everwood Court, Sacramento, California, United States, 94273",+1 724 031 0005,w*!!I1uY9,2024-07-22 12:07:00,2024-07-22 12:07:00,deleted
20,Jamaal Breton,"9780 Theordore Terrace, Omaha, Nebraska, United States, 68110",+1 680 011 0053,6#!!!1!*!,2024-11-02 00:36:03,2024-11-02 00:36:03,deleted
21,Carey Madner,"13981 Moss Creek Avenue, Fort Worth, Texas, United States, 76178",+1 329 067 0078,%Bmy&y*!#*,2024-01-07 13:28:28,2024-01-07 13:28:28,inactive
22,Carlie Spollen,"1709 Sagamore Street, Des Moines, Iowa, United States, 50320",+1 407 071 0088,%!!*!P*QT&f!,2024-06-28 17:20:01,2024-06-28 17:20:01,active
23,Forest Gatehouse,"8805 Wielenga Place, Wilkes Barre, Pennsylvania, United States, 18768",+1 107 070 0001,*i4%!*fd*!!!&*N#,2024-10-07 20:54:27,2024-10-07 20:54:27,inactive
24,Coralyn Wetheril,"12951 Albany Avenue, Seattle, Washington, United States, 98148",+1 702 052 0070,*6!!#!h*9rX$#,2024-04-04 10:04:23,2024-04-04 10:04:23,inactive
25,Karel Kasher,"5310 Snelling Avenue, Detroit, Michigan, United States, 48267",+1 689 073 0044,!!m%*9*!0!7aYd,2024-09-03 16:37:32,2024-09-03 16:37:32,suspended
26,Haleigh Senogles,"11550 Triton Court, Bryan, Texas, United States, 77806",+1 471 086 0008,0f!*Jo*!*!*vm*!,2024-11-14 17:03:03,2024-11-14 17:03:03,active
27,Cliff Scatcher,"14501 Olson Lane, Amarillo, Texas, United States, 79188",+1 829 076 0098,9G5v&pq*Adz,2024-05-24 22:43:19,2024-05-24 22:43:19,deleted
28,Cassondra Winnister,"7380 Wolf Lane, Denver, Colorado, United States, 80279",+1 792 061 0050,!F*40DI$H!,2024-09-23 03:55:56,2024-09-23 03:55:56,inactive
29,Dall Whiteland,"12348 Bonham Lane, Appleton, Wisconsin, United States, 54915",+1 207 088 0078,9Z$*T0$!7d&*,2024-09-18 12:08:35,2024-09-18 12:08:35,pending
30,Brander Sedge,"12157 Timber Terrace, Spokane, Washington, United States, 99205",+1 280 069 0025,t!!eW1!*QD$*O*!,2024-01-30 17:46:47,2024-01-30 17:46:47,pending
31,Velma Lafaye,"2659 Montclair Lane, Austin, Texas, United States, 78769",+1 423 005 0043,RO78LM$&95A**,2024-11-19 06:46:07,2024-11-19 06:46:07,active
32,Calhoun De Vaan,"14689 Roseapple Avenue, Washington, District of Columbia, United States, 20409",+1 607 019 0024,7F*w4*!wX$*$x*!7,2024-11-15 21:40:56,2024-11-15 21:40:56,suspended
33,Elliot Iliff,"14550 Stebbins Lane, Columbia, Missouri, United States, 65211",+1 823 063 0098,L*H8*%5!!X2,2024-09-21 22:32:16,2024-09-21 22:32:16,active
34,Andi Tunbridge,"12298 Havana Trail, Fresno, California, United States, 93794",+1 197 023 0063,6pW!&!!*O$h@c,2024-02-14 04:28:01,2024-02-14 04:28:01,deleted
35,Averil Caygill,"3251 Granada Court, Santa Cruz, California, United States, 95064",+1 231 062 0061,@W&*&E#!Vv*9!,2024-06-06 16:57:04,2024-06-06 16:57:04,active
36,Susi Berrow,"7903 Tenney Lane, Washington, District of Columbia, United States, 20078",+1 570 074 0032,2h!Y7*!**#,2023-12-22 03:13:25,2023-12-22 03:13:25,active
37,Georgena Latimer,"1036 Richard Drive, Boca Raton, Florida, United States, 33499",+1 787 091 0035,*15#s*!!83,2024-01-21 05:25:52,2024-01-21 05:25:52,active
38,Quentin De Vuyst,"2269 Kane Place, Boston, Massachusetts, United States, 02109",+1 117 022 0011,%R**47!4I*7!*6!,2024-02-10 00:42:39,2024-02-10 00:42:39,pending
39,Augustin Colston,"3081 Gillian Street, Charlotte, North Carolina, United States, 28284",+1 313 058 0059,*d$!d**X!O7*,2024-02-20 20:36:25,2024-02-20 20:36:25,suspended
40,Rik Tripe,"3525 Biscayne Avenue, Charlottesville, Virginia, United States, 22908",+1 465 072 0060,afJ$*A%Z*Jn$!z,2024-05-12 22:39:04,2024-05-12 22:39:04,pending
41,Kimmy McAvinchey,"6888 Evesborough Path, Santa Ana, California, United States, 92725",+1 271 067 0039,%!e!4%!!$#,2024-06-20 15:31:10,2024-06-20 15:31:10,suspended
42,Marylou Moreno,"8475 Coffman Loop, Torrance, California, United States, 90510",+1 385 011 0072,!x&EOV#T!%%!!a*,2024-01-20 05:41:32,2024-01-20 05:41:32,active
43,Vite Blague,"13953 Sage Street, Huntington Beach, California, United States, 92648",+1 567 080 0052,*h%o#WrWo2y3&0!!,2024-01-23 13:18:08,2024-01-23 13:18:08,pending
44,Daniella Iddons,"2229 English Ivy Circle, Kansas City, Missouri, United States, 64199",+1 463 004 0014,6**2!*JA8,2023-12-23 17:16:43,2023-12-23 17:16:43,pending
45,Meade Latey,"2365 Charlee Lane, Boca Raton, Florida, United States, 33499",+1 862 053 0037,!!ZK%%Y!!!x!*,2024-10-07 11:18:23,2024-10-07 11:18:23,active
46,Karlotta Borgnol,"1101 Mark Drive, Fairfield, Connecticut, United States, 06825",+1 631 095 0008,!7!$KLn9*#*T!*,2024-06-10 04:47:56,2024-06-10 04:47:56,pending
47,Noreen Thripp,"12934 Birchbrook Loop, Alexandria, Virginia, United States, 22333",+1 493 066 0069,**!!!fE&Q*v!94!,2024-02-20 22:24:36,2024-02-20 22:24:36,active
48,Valaria Baudou,"8046 Soutar Avenue, Las Vegas, Nevada, United States, 89105",+1 755 023 0009,*$M!d*!*&*!*a,2024-02-03 01:26:01,2024-02-03 01:26:01,deleted
49,Sallyann Yukhov,"3528 Naragansett Court, New York City, New York, United States, 10024",+1 728 019 0051,T!*!w$00*22!,2024-10-30 14:08:58,2024-10-30 14:08:58,suspended
50,Bendicty Linnane,"2795 Howell Terrace, Los Angeles, California, United States, 90045",+1 084 051 0078,q&F!T!P3D2,2024-07-07 12:26:22,2024-07-07 12:26:22,active
